{"1":0.10217373976776,"2":0.11089253448425,"3":0.10901106940392,"4":0.144313607437538,"5":0.152993743794702,"6":0.15546796288567,"7":0.168897916391794,"8":0.185431246858395,"9":0.109336911105581,"10":0.129960130485464,"11":0.165971415689274,"12":0.173733016190372,"13":0.203461678706725,"14":0.261380003569504,"15":0.299982869633339,"16":0.158208080430237,"17":0.243727625041863,"18":0.237821674641754,"19":0.230761411583936,"20":0.342679724809074,"21":0.362021619707388,"22":0.360911104108166,"23":0.409797775890221,"24":0.39454551704791,"25":0.416508157184925,"26":0.417077122428032,"27":0.407135668599755,"28":0.355639466515432,"29":0.370049860659462,"30":0.415169653836785,"31":0.324900461118849,"32":0.371988941487911,"33":0.420414285592138,"34":0.444945007779577,"35":0.432916446517094,"36":0.422179789781432,"37":0.41232657830988,"38":0.4101537143961,"39":0.376324929203904,"40":0.377238656874861,"41":0.356746023258781,"42":0.321306780491378,"43":0.368451068221817,"44":0.323246933310356,"45":0.309431048117065,"46":0.281538457364573,"47":0.273420090777646,"48":0.278283033269935,"49":0.101603012353599,"50":0.165792514008597,"51":0.394633937698258,"52":0.437727628345732,"53":0.444195483438157,"54":0.449737754440228,"55":0.445128981381824,"56":0.458004582354289,"57":0.225938234535169,"58":0.410801351907189,"59":0.597774215722057,"60":0.655193130357531,"61":0.649121219001258,"62":0.66427782532876,"63":0.658627518213657,"64":0.657951439578438,"65":0.654821971675447,"66":0.652454694874894,"67":0.650674241148959,"68":0.652474797102993,"69":0.650849804957864,"70":0.649226676085173,"71":0.0577494796484736,"72":0.0968191425120773,"73":0.121294863528906,"74":0.398670937184781,"75":0.541183039260052,"76":0.586510837706684,"77":0.597060164208741,"78":0.596622592383462,"79":0.597807370816789,"80":0.599643291606338,"81":0.599615288312049,"82":0.595081352355339,"83":0.600371240980155,"84":0.115954030613265,"85":0.126495103285134,"86":0.155483829498761,"87":0.172230063496037,"88":0.177854696286659,"89":0.114425646488648,"90":0.139401047724736,"91":0.134729064465188,"92":0.15008034087405,"93":0.150747457227221,"94":0.150652426788701,"95":0.151397784505555,"96":0.150728964349455,"97":0.151729824009889,"98":0.152772114063858,"99":0.153032662424429,"100":0.138876152832674,"101":0.197655687307861}
