{"1":0.599047619047619,"2":0.4575,"3":0.5775,"4":0.457333333333333,"5":0.585714285714286,"6":0.492307692307692,"7":0.484375,"8":0.452307692307692,"9":0.5375,"10":0.526923076923077,"11":0.465555555555556,"12":0.5,"13":0.65090909090909,"14":0.435555555555556,"15":0.6125,"16":0.517,"17":0.524444444444444,"18":0.463,"19":0.477777777777778,"20":0.4725,"21":0.62375,"22":0.588333333333334,"23":0.646,"24":0.6875,"25":0.7525,"26":0.75,"27":0.735,"28":0.695,"29":0.75,"30":0.84,"31":0.765,"32":0.835,"33":0.88,"34":0.76,"35":0.76,"36":0.84,"37":0.875,"38":0.92,"39":0.94,"40":0.88,"41":0.99,"42":1,"43":1,"44":1,"45":1,"46":1,"47":1,"48":1,"49":1,"50":1,"51":1,"52":1,"53":1,"54":1,"55":0.52,"56":0.73,"57":0.91,"58":1,"59":1,"60":1,"61":1}
