{"1":0.69,"2":0.703333333333333,"3":0.66,"4":0.73,"5":0.75,"6":0.81,"7":0.75,"8":0.75,"9":0.74,"10":0.78,"11":0.8,"12":0.71,"13":0.71,"14":0.735,"15":0.745,"16":0.765,"17":0.815,"18":0.74,"19":0.74,"20":0.66,"21":0.8,"22":0.82,"23":0.81,"24":0.84,"25":0.83,"26":0.855,"27":0.625,"28":0.776666666666667,"29":0.82,"30":0.695,"31":0.78,"32":0.795,"33":0.73,"34":0.9,"35":0.98,"36":0.98,"37":0.98,"38":0.98,"39":1,"40":0.46,"41":0.69,"42":0.94,"43":1,"44":1,"45":1,"46":1,"47":1,"48":1,"49":1,"50":1,"51":1,"52":1,"53":1,"54":1,"55":1,"56":0.515,"57":0.62,"58":0.565,"59":0.705,"60":0.83,"61":0.68}
