{"1":0.480666666666667,"2":0.404375,"3":0.481176470588235,"4":0.516875,"5":0.614736842105263,"6":0.596666666666667,"7":0.654761904761905,"8":0.411538461538462,"9":0.620833333333333,"10":0.609333333333333,"11":0.562727272727272,"12":0.453076923076923,"13":0.507142857142857,"14":0.406363636363636,"15":0.462,"16":0.472,"17":0.445,"18":0.635454545454545,"19":0.572,"20":0.39875,"21":0.462,"22":0.452222222222222,"23":0.5075,"24":0.677272727272727,"25":0.544,"26":0.548333333333333,"27":0.516666666666667,"28":0.396666666666667,"29":0.422,"30":0.573333333333333,"31":0.494,"32":0.523333333333333,"33":0.623333333333333,"34":0.608,"35":0.466666666666667,"36":0.59,"37":0.716666666666667,"38":0.655,"39":0.735,"40":0.823333333333333,"41":0.79,"42":0.835,"43":0.8,"44":0.91,"45":0.94,"46":0.81,"47":0.86,"48":0.92,"49":0.98,"50":1,"51":0.95,"52":1,"53":1,"54":1,"55":1,"56":1,"57":0.53,"58":0.69,"59":0.96,"60":1,"61":1,"62":1,"63":1,"64":1,"65":1,"66":1,"67":1,"68":1,"69":1,"70":1,"71":1,"72":1,"73":1,"74":0.83,"75":0.94,"76":1,"77":1,"78":1,"79":1,"80":1,"81":1,"82":1,"83":1,"84":0.65,"85":0.71,"86":0.87,"87":0.97,"88":1,"89":0.82,"90":0.95,"91":0.91,"92":1,"93":1,"94":1,"95":1,"96":1,"97":1,"98":1,"99":1,"100":0.68,"101":0.79}
