{"1":0.232266666666667,"2":0.20575,"3":0.236470588235294,"4":0.26475,"5":0.307894736842105,"6":0.302666666666666,"7":0.331904761904762,"8":0.240615384615384,"9":0.318333333333333,"10":0.313733333333333,"11":0.305090909090909,"12":0.257230769230769,"13":0.290857142857142,"14":0.272545454545455,"15":0.3108,"16":0.3048,"17":0.302,"18":0.370181818181818,"19":0.3348,"20":0.3075,"21":0.3408,"22":0.336888888888889,"23":0.379,"24":0.440909090909091,"25":0.3956,"26":0.401333333333333,"27":0.388666666666666,"28":0.334666666666666,"29":0.3468,"30":0.417333333333333,"31":0.3696,"32":0.403333333333333,"33":0.443333333333333,"34":0.4412,"35":0.380666666666667,"36":0.43,"37":0.478666666666667,"38":0.452,"39":0.476,"40":0.511333333333334,"41":0.494,"42":0.512000000000001,"43":0.514000000000001,"44":0.558000000000001,"45":0.570000000000001,"46":0.502000000000001,"47":0.534000000000001,"48":0.564000000000001,"49":0.5,"50":0.492,"51":0.576000000000001,"52":0.600000000000001,"53":0.600000000000001,"54":0.600000000000001,"55":0.600000000000001,"56":0.600000000000001,"57":0.356,"58":0.43,"59":0.578000000000001,"60":0.600000000000001,"61":0.600000000000001,"62":0.600000000000001,"63":0.600000000000001,"64":0.600000000000001,"65":0.600000000000001,"66":0.600000000000001,"67":0.600000000000001,"68":0.600000000000001,"69":0.600000000000001,"70":0.600000000000001,"71":0.504,"72":0.486,"73":0.48,"74":0.492000000000001,"75":0.562000000000001,"76":0.598000000000001,"77":0.600000000000001,"78":0.600000000000001,"79":0.600000000000001,"80":0.600000000000001,"81":0.600000000000001,"82":0.600000000000001,"83":0.600000000000001,"84":0.416,"85":0.438000000000001,"86":0.526000000000001,"87":0.582000000000001,"88":0.600000000000001,"89":0.508000000000001,"90":0.572000000000001,"91":0.548000000000001,"92":0.600000000000001,"93":0.600000000000001,"94":0.600000000000001,"95":0.600000000000001,"96":0.600000000000001,"97":0.600000000000001,"98":0.600000000000001,"99":0.600000000000001,"100":0.434000000000001,"101":0.486000000000001}
