{"1":0.533238095238095,"2":0.428,"3":0.526,"4":0.421866666666667,"5":0.516571428571428,"6":0.431846153846153,"7":0.4315,"8":0.419846153846154,"9":0.492,"10":0.473538461538461,"11":0.422444444444444,"12":0.458,"13":0.568727272727273,"14":0.398444444444444,"15":0.538,"16":0.4636,"17":0.483555555555555,"18":0.4344,"19":0.444222222222222,"20":0.45,"21":0.603,"22":0.584666666666667,"23":0.6568,"24":0.708,"25":0.763999999999999,"26":0.776,"27":0.746,"28":0.732,"29":0.772,"30":0.843999999999999,"31":0.783999999999999,"32":0.844,"33":0.89,"34":0.774,"35":0.77,"36":0.842,"37":0.884,"38":0.932,"39":0.95,"40":0.898,"41":0.992,"42":1,"43":1,"44":1,"45":1,"46":1,"47":1,"48":1,"49":1,"50":1,"51":1,"52":1,"53":1,"54":1,"55":0.616,"56":0.784,"57":0.928,"58":1,"59":1,"60":1,"61":1}
