{"1":0.707999999999999,"2":0.730666666666667,"3":0.694,"4":0.748,"5":0.776,"6":0.826,"7":0.773999999999999,"8":0.776,"9":0.77,"10":0.802,"11":0.812,"12":0.746,"13":0.75,"14":0.768,"15":0.78,"16":0.804,"17":0.842,"18":0.756,"19":0.76,"20":0.696,"21":0.805999999999999,"22":0.83,"23":0.83,"24":0.861999999999999,"25":0.846,"26":0.874,"27":0.686,"28":0.809333333333334,"29":0.846,"30":0.728,"31":0.79,"32":0.814,"33":0.768,"34":0.894,"35":0.964,"36":0.966,"37":0.968,"38":0.968,"39":0.988,"40":0.568000000000001,"41":0.752,"42":0.952,"43":1,"44":1,"45":1,"46":1,"47":1,"48":1,"49":1,"50":1,"51":1,"52":1,"53":1,"54":1,"55":1,"56":0.600000000000001,"57":0.676,"58":0.642000000000001,"59":0.76,"60":0.862,"61":0.744000000000001}
