{"1":0.451666666666667,"2":0.473157894736842,"3":0.532380952380952,"4":0.476111111111111,"5":0.504375,"6":0.492142857142857,"7":0.5125,"8":0.4075,"9":0.482727272727273,"10":0.551333333333333,"11":0.5225,"12":0.515,"13":0.590714285714286,"14":0.594166666666667,"15":0.55,"16":0.564666666666666,"17":0.654615384615385,"18":0.560909090909091,"19":0.579166666666667,"20":0.505,"21":0.52625,"22":0.527142857142857,"23":0.634285714285714,"24":0.73,"25":0.68,"26":0.7525,"27":0.72,"28":0.7775,"29":0.78,"30":0.84,"31":0.75,"32":0.685,"33":0.8,"34":0.74,"35":0.75,"36":0.76,"37":0.835,"38":0.56,"39":0.645,"40":0.705,"41":0.75,"42":0.68,"43":0.453333333333333,"44":0.5,"45":0.58,"46":0.663333333333333,"47":0.59,"48":0.665,"49":0.77,"50":0.79,"51":0.93,"52":0.96,"53":1,"54":0.98,"55":1,"56":1,"57":1,"58":1,"59":1,"60":1,"61":1}
