{"1":0.136446604972858,"2":0.181032420692094,"3":0.218770211448225,"4":0.18442249209294,"5":0.210940346049569,"6":0.232291725455035,"7":0.236032010577191,"8":0.219995144963039,"9":0.269859619854956,"10":0.318719092153957,"11":0.376265765888243,"12":0.364676835142117,"13":0.409719912783989,"14":0.245620283761361,"15":0.333321588180789,"16":0.388851292982084,"17":0.40686159860258,"18":0.418437294154282,"19":0.43634923825662,"20":0.410997939019831,"21":0.421585974650023,"22":0.432817989301723,"23":0.141235302264634,"24":0.180067037737107,"25":0.135405034294028,"26":0.20345408003499,"27":0.11524935403736,"28":0.193518071809488,"29":0.304128175731663,"30":0.331945102263042,"31":0.416580960842447,"32":0.4313271298316,"33":0.244680730977299,"34":0.359046637790469,"35":0.356766351299877,"36":0.354343375987151,"37":0.41599967622062,"38":0.130980712189065,"39":0.128002356682812,"40":0.133199989164554,"41":0.116913314447195,"42":0.406901126871286,"43":-0.02933133877651,"44":0.00543842693587896,"45":0.0585043280814275,"46":0.0773353939283704,"47":0.0968103696320668,"48":0.388020962829724,"49":0.430327515154626,"50":0.409933704675913,"51":0.356403691531752,"52":0.41439880469135,"53":0.242002123537749,"54":0.34124610969298,"55":0.373861096713977,"56":0.351791547743615,"57":0.363936976480682,"58":0.378429932464524,"59":0.408152176194309,"60":0.425044759465141,"61":0.411373561724951}
