{"1":0.258333333333333,"2":0.6,"3":0.7625,"4":0.754166666666667,"5":0.775,"6":0.75,"7":0.745833333333333,"8":0.7125,"9":0.633333333333333,"10":0.625,"11":0.625}
