{"1":0.497058823529412,"2":0.543529411764706,"3":0.446666666666667,"4":0.477142857142857,"5":0.473571428571429,"6":0.530666666666667,"7":0.517647058823529,"8":0.657894736842105,"9":0.533125,"10":0.558666666666666,"11":0.575625,"12":0.558461538461539,"13":0.468181818181818,"14":0.557272727272727,"15":0.647142857142857,"16":0.677142857142857,"17":0.584,"18":0.507272727272727,"19":0.580833333333333,"20":0.422727272727273,"21":0.525,"22":0.551,"23":0.603333333333333,"24":0.612,"25":0.45,"26":0.554285714285714,"27":0.524285714285715,"28":0.548571428571429,"29":0.51,"30":0.615,"31":0.538,"32":0.5125,"33":0.576666666666667,"34":0.603333333333333,"35":0.51,"36":0.48,"37":0.56,"38":0.685,"39":0.805,"40":0.855,"41":0.72,"42":0.53,"43":0.635,"44":0.36,"45":0.52,"46":0.68,"47":0.72,"48":0.28,"49":0.36,"50":0.46,"51":0.57,"52":0.64,"53":0.81,"54":0.75,"55":0.74,"56":0.74,"57":0.77,"58":0.74,"59":0.78,"60":0.8,"61":0.88}
