{"1":0.425,"2":0.425,"3":0.516666666666667,"4":0.508333333333333,"5":0.816666666666667,"6":0.833333333333333,"7":0.833333333333333,"8":0.833333333333333,"9":0.833333333333333,"10":0.833333333333333,"11":0.833333333333333}
