{"1":0.4875,"2":0.6,"3":0.525,"4":0.428571428571429,"5":0.55,"6":0.5375,"7":0.5,"8":0.5,"9":0.466666666666667,"10":0.45,"11":0.6}
