{"1":0.372460317460317,"2":0.383809523809524,"3":0.418392857142857,"4":0.417559523809524,"5":0.307142857142857,"6":0.307142857142857,"7":0.250892857142857,"8":0.325892857142857,"9":0.344642857142857,"10":0.250892857142857,"11":0.308035714285714}
