{"1":0.3375,"2":0.483333333333333,"3":0.483333333333333,"4":0.483333333333333,"5":0.583333333333333,"6":0.883333333333333,"7":0.8,"8":0.666666666666667,"9":0.883333333333333,"10":1,"11":0.766666666666667}
