{"1":0.196565298437276,"2":0.201391597359352,"3":0.0985226660030692,"4":0.149444446224969,"5":0.299517508564006,"6":0.395607710091613,"7":0.399500679884558,"8":0.495989388656992,"9":0.49857498986012,"10":0.503361858884776,"11":0.498206625949979}
