{"1":0.134187229304542,"2":0.104760246324007,"3":0.107867336134468,"4":0.111680427688748,"5":0.114056054533032,"6":0.112546537626428,"7":0.0738029542462673,"8":0.0880914455044789,"9":0.0794939413173257,"10":0.103500438278752,"11":0.0825144679358631,"12":0.0928693290974528,"13":0.0990486685788146,"14":0.0815896069156455,"15":0.0500090646846022,"16":0.0446792160185787,"17":0.0582922390129741,"18":0.0645138718380886,"19":0.00921044934202829,"20":0.00381558641975309,"21":0.00712366722783389,"22":0.00876477341162301,"23":0.0133989014594576,"24":0.0251700613340657,"25":0.0177988093766737,"26":0.0243074676361314,"27":0.0311691655200783,"28":0.0481865819924718,"29":0.0958684362417098,"30":0.111948751196846,"31":0.141088303447731,"32":0.133024867841279,"33":0.121113961519286,"34":0.171394220124422,"35":0.220593584097233,"36":0.252755203182456,"37":0.0257722566681936,"38":0.0116263789973467,"39":0.0129500719895603,"40":0.0261343998743192,"41":0.0272095003308239,"42":0.00971810054568675,"43":0.0328586343750599,"44":0.0893415389307148,"45":0.199417680804963,"46":0.293878119033556,"47":0.341671589529397,"48":0.414461638429487,"49":0.432378290275855,"50":0.479130138444295,"51":0.460903934613755,"52":0.486515314717925,"53":0.465525749754936,"54":0.446116823827822,"55":-0.0233114122276,"56":0.018046920308489,"57":0.0519746664317976,"58":0.108306605023461,"59":0.156927242534375,"60":0.209712227858853,"61":0.24993295791993}
