{"1":0.250823529411764,"2":0.287411764705882,"3":0.262666666666667,"4":0.264857142857143,"5":0.271428571428571,"6":0.306266666666667,"7":0.315058823529411,"8":0.363157894736842,"9":0.32525,"10":0.361466666666667,"11":0.38425,"12":0.367384615384615,"13":0.345272727272727,"14":0.358909090909091,"15":0.406857142857143,"16":0.422857142857143,"17":0.3936,"18":0.366909090909091,"19":0.398333333333333,"20":0.327090909090909,"21":0.376,"22":0.3944,"23":0.359333333333333,"24":0.3568,"25":0.286,"26":0.335714285714285,"27":0.309714285714285,"28":0.327428571428571,"29":0.336,"30":0.382,"31":0.3812,"32":0.375,"33":0.422666666666666,"34":0.435333333333334,"35":0.398,"36":0.384,"37":0.396,"38":0.43,"39":0.452,"40":0.468,"41":0.418,"42":0.358,"43":0.336,"44":0.196,"45":0.262,"46":0.318,"47":0.342,"48":0.29,"49":0.318,"50":0.348,"51":0.376,"52":0.416,"53":0.504000000000001,"54":0.480000000000001,"55":0.478000000000001,"56":0.480000000000001,"57":0.490000000000001,"58":0.474000000000001,"59":0.498000000000001,"60":0.514000000000001,"61":0.538000000000001}
