{"1":0.275,"2":0.32,"3":0.25,"4":0.231428571428571,"5":0.34,"6":0.375,"7":0.36,"8":0.4,"9":0.386666666666667,"10":0.38,"11":0.44}
