{"1":0.232666666666666,"2":0.229263157894737,"3":0.254952380952381,"4":0.234444444444444,"5":0.24775,"6":0.242857142857142,"7":0.235,"8":0.199,"9":0.225090909090909,"10":0.262533333333333,"11":0.245,"12":0.246,"13":0.278285714285714,"14":0.271666666666667,"15":0.244,"16":0.251866666666667,"17":0.291846153846153,"18":0.258363636363636,"19":0.251666666666667,"20":0.208,"21":0.2165,"22":0.216857142857143,"23":0.261714285714285,"24":0.308,"25":0.286,"26":0.319,"27":0.322,"28":0.353,"29":0.378,"30":0.416,"31":0.392,"32":0.378,"33":0.408,"34":0.412,"35":0.438,"36":0.45,"37":0.434,"38":0.284,"39":0.298,"40":0.314,"41":0.326,"42":0.292,"43":0.209333333333333,"44":0.248,"45":0.33,"46":0.397333333333333,"47":0.384,"48":0.448,"49":0.492,"50":0.512000000000001,"51":0.556000000000001,"52":0.576000000000001,"53":0.590000000000001,"54":0.582000000000001,"55":0.494,"56":0.459999999999999,"57":0.457999999999999,"58":0.463999999999999,"59":0.478,"60":0.5,"61":0.51}
